<server description="Sample Liberty server">
    <featureManager>
        <feature>jaxrs-2.0</feature>
        <feature>jsonp-1.0</feature>
        <feature>cdi-1.2</feature>
        <feature>mpHealth-1.0</feature>
        <feature>mpConfig-1.1</feature>
    </featureManager>

    <httpEndpoint host="*" httpPort="${default.http.port}"
        httpsPort="${default.https.port}" id="defaultHttpEndpoint" />

    <webApplication location="io.openliberty.guides.microprofile.health.war"
        contextRoot="/" />
</server>
